{
  "test_mae_m": 0.10286811090284778,
  "test_mse_norm": 0.00010138405923498794,
  "sample_max_error_m": 0.2810707092285156,
  "sample_mean_error_m": 0.10286810994148254,
  "wntr_ms": 40.93353125063004,
  "gnn_ms": 39.62757166009396,
  "speedup": 1.032955831907591,
  "n_params": 628225,
  "n_scenarios": 800
}